{
    "threshold": 0.6329461540359649,
    "f1_score": 0.007554103715802368
}